131072,"Start","Duration","Grid X","Grid Y","Grid Z","Block X","Block Y","Block Z","Registers Per Thread","Static SMem","Dynamic SMem","Size","Throughput","Device","Context","Stream","Name"
131072,s,s,,,,,,,,B,B,KB,GB/s,,,,
131072,1.387161,8.838600e-05,,,,,,,,,,512.000000,5.524418,"Quadro K5200 (1)","1","7","[CUDA memcpy HtoD]"
131072,1.387327,8.822500e-05,,,,,,,,,,512.000000,5.534500,"Quadro K5200 (1)","1","7","[CUDA memcpy HtoD]"
131072,1.387422,1.676900e-05,2048,1,1,64,1,1,10,0,0,,,"Quadro K5200 (1)","1","7","vectorAdd(float const *, float const *, float*, int) [189]"
131072,1.387443,8.214500e-05,,,,,,,,,,512.000000,5.944138,"Quadro K5200 (1)","1","7","[CUDA memcpy DtoH]"
262144,"Start","Duration","Grid X","Grid Y","Grid Z","Block X","Block Y","Block Z","Registers Per Thread","Static SMem","Dynamic SMem","Size","Throughput","Device","Context","Stream","Name"
262144,s,s,,,,,,,,B,B,MB,GB/s,,,,
262144,1.405689,1.735710e-04,,,,,,,,,,1.000000,5.626300,"Quadro K5200 (1)","1","7","[CUDA memcpy HtoD]"
262144,1.405988,1.735070e-04,,,,,,,,,,1.000000,5.628375,"Quadro K5200 (1)","1","7","[CUDA memcpy HtoD]"
262144,1.406168,3.392000e-05,4096,1,1,64,1,1,10,0,0,,,"Quadro K5200 (1)","1","7","vectorAdd(float const *, float const *, float*, int) [189]"
262144,1.406206,1.608990e-04,,,,,,,,,,1.000000,6.069413,"Quadro K5200 (1)","1","7","[CUDA memcpy DtoH]"
524288,"Start","Duration","Grid X","Grid Y","Grid Z","Block X","Block Y","Block Z","Registers Per Thread","Static SMem","Dynamic SMem","Size","Throughput","Device","Context","Stream","Name"
524288,s,s,,,,,,,,B,B,MB,GB/s,,,,
524288,1.413130,3.473010e-04,,,,,,,,,,2.000000,5.623724,"Quadro K5200 (1)","1","7","[CUDA memcpy HtoD]"
524288,1.413603,3.473340e-04,,,,,,,,,,2.000000,5.623190,"Quadro K5200 (1)","1","7","[CUDA memcpy HtoD]"
524288,1.413958,6.368100e-05,8192,1,1,64,1,1,10,0,0,,,"Quadro K5200 (1)","1","7","vectorAdd(float const *, float const *, float*, int) [189]"
524288,1.414026,3.226930e-04,,,,,,,,,,2.000000,6.052579,"Quadro K5200 (1)","1","7","[CUDA memcpy DtoH]"
1048576,"Start","Duration","Grid X","Grid Y","Grid Z","Block X","Block Y","Block Z","Registers Per Thread","Static SMem","Dynamic SMem","Size","Throughput","Device","Context","Stream","Name"
1048576,s,s,,,,,,,,B,B,MB,GB/s,,,,
1048576,1.449832,6.954680e-04,,,,,,,,,,4.000000,5.616721,"Quadro K5200 (1)","1","7","[CUDA memcpy HtoD]"
1048576,1.450647,6.948910e-04,,,,,,,,,,4.000000,5.621385,"Quadro K5200 (1)","1","7","[CUDA memcpy HtoD]"
1048576,1.451349,1.280660e-04,16384,1,1,64,1,1,10,0,0,,,"Quadro K5200 (1)","1","7","vectorAdd(float const *, float const *, float*, int) [189]"
1048576,1.451481,1.047314e-03,,,,,,,,,,4.000000,3.729779,"Quadro K5200 (1)","1","7","[CUDA memcpy DtoH]"
2097152,"Start","Duration","Grid X","Grid Y","Grid Z","Block X","Block Y","Block Z","Registers Per Thread","Static SMem","Dynamic SMem","Size","Throughput","Device","Context","Stream","Name"
2097152,s,s,,,,,,,,B,B,MB,GB/s,,,,
2097152,1.480011,1.390291e-03,,,,,,,,,,8.000000,5.619327,"Quadro K5200 (1)","1","7","[CUDA memcpy HtoD]"
2097152,1.481519,1.390515e-03,,,,,,,,,,8.000000,5.618422,"Quadro K5200 (1)","1","7","[CUDA memcpy HtoD]"
2097152,1.482916,2.490280e-04,32768,1,1,64,1,1,10,0,0,,,"Quadro K5200 (1)","1","7","vectorAdd(float const *, float const *, float*, int) [189]"
2097152,1.483169,2.273311e-03,,,,,,,,,,8.000000,3.436617,"Quadro K5200 (1)","1","7","[CUDA memcpy DtoH]"
4194304,"Start","Duration","Grid X","Grid Y","Grid Z","Block X","Block Y","Block Z","Registers Per Thread","Static SMem","Dynamic SMem","Size","Throughput","Device","Context","Stream","Name"
4194304,s,s,,,,,,,,B,B,MB,GB/s,,,,
4194304,1.568510,2.780900e-03,,,,,,,,,,16.000000,5.618685,"Quadro K5200 (1)","1","7","[CUDA memcpy HtoD]"
4194304,1.571406,2.780996e-03,,,,,,,,,,16.000000,5.618491,"Quadro K5200 (1)","1","7","[CUDA memcpy HtoD]"
4194304,1.574194,4.935750e-04,65536,1,1,64,1,1,10,0,0,,,"Quadro K5200 (1)","1","7","vectorAdd(float const *, float const *, float*, int) [189]"
4194304,1.574693,3.712912e-03,,,,,,,,,,16.000000,4.208287,"Quadro K5200 (1)","1","7","[CUDA memcpy DtoH]"
8388608,"Start","Duration","Grid X","Grid Y","Grid Z","Block X","Block Y","Block Z","Registers Per Thread","Static SMem","Dynamic SMem","Size","Throughput","Device","Context","Stream","Name"
8388608,s,s,,,,,,,,B,B,MB,GB/s,,,,
8388608,1.657691,5.558950e-03,,,,,,,,,,32.000000,5.621565,"Quadro K5200 (1)","1","7","[CUDA memcpy HtoD]"
8388608,1.663371,5.557989e-03,,,,,,,,,,32.000000,5.622537,"Quadro K5200 (1)","1","7","[CUDA memcpy HtoD]"
8388608,1.668936,9.930370e-04,131072,1,1,64,1,1,10,0,0,,,"Quadro K5200 (1)","1","7","vectorAdd(float const *, float const *, float*, int) [189]"
8388608,1.669935,7.490974e-03,,,,,,,,,,32.000000,4.171687,"Quadro K5200 (1)","1","7","[CUDA memcpy DtoH]"
12582912,"Start","Duration","Grid X","Grid Y","Grid Z","Block X","Block Y","Block Z","Registers Per Thread","Static SMem","Dynamic SMem","Size","Throughput","Device","Context","Stream","Name"
12582912,s,s,,,,,,,,B,B,MB,GB/s,,,,
12582912,1.836070,8.337445e-03,,,,,,,,,,48.000000,5.622226,"Quadro K5200 (1)","1","7","[CUDA memcpy HtoD]"
12582912,1.844519,8.338308e-03,,,,,,,,,,48.000000,5.621644,"Quadro K5200 (1)","1","7","[CUDA memcpy HtoD]"
12582912,1.852864,1.454706e-03,196608,1,1,64,1,1,10,0,0,,,"Quadro K5200 (1)","1","7","vectorAdd(float const *, float const *, float*, int) [189]"
12582912,1.854323,0.011277,,,,,,,,,,48.000000,4.156797,"Quadro K5200 (1)","1","7","[CUDA memcpy DtoH]"
16777216,"Start","Duration","Grid X","Grid Y","Grid Z","Block X","Block Y","Block Z","Registers Per Thread","Static SMem","Dynamic SMem","Size","Throughput","Device","Context","Stream","Name"
16777216,s,s,,,,,,,,B,B,MB,GB/s,,,,
16777216,1.984073,0.011125,,,,,,,,,,64.000000,5.618174,"Quadro K5200 (1)","1","7","[CUDA memcpy HtoD]"
16777216,1.995312,0.011125,,,,,,,,,,64.000000,5.617738,"Quadro K5200 (1)","1","7","[CUDA memcpy HtoD]"
16777216,2.006444,1.972920e-03,262144,1,1,64,1,1,10,0,0,,,"Quadro K5200 (1)","1","7","vectorAdd(float const *, float const *, float*, int) [189]"
16777216,2.008423,0.015213,,,,,,,,,,64.000000,4.108205,"Quadro K5200 (1)","1","7","[CUDA memcpy DtoH]"
20971520,"Start","Duration","Grid X","Grid Y","Grid Z","Block X","Block Y","Block Z","Registers Per Thread","Static SMem","Dynamic SMem","Size","Throughput","Device","Context","Stream","Name"
20971520,s,s,,,,,,,,B,B,MB,GB/s,,,,
20971520,2.096636,0.013894,,,,,,,,,,80.000000,5.622989,"Quadro K5200 (1)","1","7","[CUDA memcpy HtoD]"
20971520,2.110647,0.013894,,,,,,,,,,80.000000,5.623131,"Quadro K5200 (1)","1","7","[CUDA memcpy HtoD]"
20971520,2.124547,2.445276e-03,327680,1,1,64,1,1,10,0,0,,,"Quadro K5200 (1)","1","7","vectorAdd(float const *, float const *, float*, int) [189]"
20971520,2.126998,0.018657,,,,,,,,,,80.000000,4.187498,"Quadro K5200 (1)","1","7","[CUDA memcpy DtoH]"
25165824,"Start","Duration","Grid X","Grid Y","Grid Z","Block X","Block Y","Block Z","Registers Per Thread","Static SMem","Dynamic SMem","Size","Throughput","Device","Context","Stream","Name"
25165824,s,s,,,,,,,,B,B,MB,GB/s,,,,
25165824,2.236596,0.016707,,,,,,,,,,96.000000,5.611537,"Quadro K5200 (1)","1","7","[CUDA memcpy HtoD]"
25165824,2.253402,0.016702,,,,,,,,,,96.000000,5.613042,"Quadro K5200 (1)","1","7","[CUDA memcpy HtoD]"
25165824,2.270111,2.909730e-03,393216,1,1,64,1,1,10,0,0,,,"Quadro K5200 (1)","1","7","vectorAdd(float const *, float const *, float*, int) [189]"
25165824,2.273025,0.019521,,,,,,,,,,96.000000,4.802413,"Quadro K5200 (1)","1","7","[CUDA memcpy DtoH]"
29360128,"Start","Duration","Grid X","Grid Y","Grid Z","Block X","Block Y","Block Z","Registers Per Thread","Static SMem","Dynamic SMem","Size","Throughput","Device","Context","Stream","Name"
29360128,s,s,,,,,,,,B,B,MB,GB/s,,,,
29360128,2.352687,0.019461,,,,,,,,,,112.000000,5.620247,"Quadro K5200 (1)","1","7","[CUDA memcpy HtoD]"
29360128,2.372247,0.019455,,,,,,,,,,112.000000,5.621882,"Quadro K5200 (1)","1","7","[CUDA memcpy HtoD]"
29360128,2.391709,3.458567e-03,458752,1,1,64,1,1,10,0,0,,,"Quadro K5200 (1)","1","7","vectorAdd(float const *, float const *, float*, int) [189]"
29360128,2.395172,0.022787,,,,,,,,,,112.000000,4.799972,"Quadro K5200 (1)","1","7","[CUDA memcpy DtoH]"
33554432,"Start","Duration","Grid X","Grid Y","Grid Z","Block X","Block Y","Block Z","Registers Per Thread","Static SMem","Dynamic SMem","Size","Throughput","Device","Context","Stream","Name"
33554432,s,s,,,,,,,,B,B,MB,GB/s,,,,
33554432,2.483801,0.022245,,,,,,,,,,128.000000,5.619123,"Quadro K5200 (1)","1","7","[CUDA memcpy HtoD]"
33554432,2.506144,0.022251,,,,,,,,,,128.000000,5.617709,"Quadro K5200 (1)","1","7","[CUDA memcpy HtoD]"
33554432,2.528403,3.925355e-03,524288,1,1,64,1,1,10,0,0,,,"Quadro K5200 (1)","1","7","vectorAdd(float const *, float const *, float*, int) [189]"
33554432,2.532334,0.026012,,,,,,,,,,128.000000,4.805432,"Quadro K5200 (1)","1","7","[CUDA memcpy DtoH]"
37748736,"Start","Duration","Grid X","Grid Y","Grid Z","Block X","Block Y","Block Z","Registers Per Thread","Static SMem","Dynamic SMem","Size","Throughput","Device","Context","Stream","Name"
37748736,s,s,,,,,,,,B,B,MB,GB/s,,,,
37748736,2.603760,0.025040,,,,,,,,,,144.000000,5.615981,"Quadro K5200 (1)","1","7","[CUDA memcpy HtoD]"
37748736,2.628895,0.025030,,,,,,,,,,144.000000,5.618307,"Quadro K5200 (1)","1","7","[CUDA memcpy HtoD]"
37748736,2.653932,4.419377e-03,589824,1,1,64,1,1,10,0,0,,,"Quadro K5200 (1)","1","7","vectorAdd(float const *, float const *, float*, int) [189]"
37748736,2.658356,0.029273,,,,,,,,,,144.000000,4.803989,"Quadro K5200 (1)","1","7","[CUDA memcpy DtoH]"
41943040,"Start","Duration","Grid X","Grid Y","Grid Z","Block X","Block Y","Block Z","Registers Per Thread","Static SMem","Dynamic SMem","Size","Throughput","Device","Context","Stream","Name"
41943040,s,s,,,,,,,,B,B,MB,GB/s,,,,
41943040,2.776274,0.027899,,,,,,,,,,160.000000,5.600644,"Quadro K5200 (1)","1","7","[CUDA memcpy HtoD]"
41943040,2.804289,0.027797,,,,,,,,,,160.000000,5.621024,"Quadro K5200 (1)","1","7","[CUDA memcpy HtoD]"
41943040,2.832093,4.891893e-03,655360,1,1,64,1,1,10,0,0,,,"Quadro K5200 (1)","1","7","vectorAdd(float const *, float const *, float*, int) [189]"
41943040,2.836991,0.037741,,,,,,,,,,160.000000,4.140026,"Quadro K5200 (1)","1","7","[CUDA memcpy DtoH]"
46137344,"Start","Duration","Grid X","Grid Y","Grid Z","Block X","Block Y","Block Z","Registers Per Thread","Static SMem","Dynamic SMem","Size","Throughput","Device","Context","Stream","Name"
46137344,s,s,,,,,,,,B,B,MB,GB/s,,,,
46137344,2.865555,0.030585,,,,,,,,,,176.000000,5.619508,"Quadro K5200 (1)","1","7","[CUDA memcpy HtoD]"
46137344,2.896235,0.030595,,,,,,,,,,176.000000,5.617832,"Quadro K5200 (1)","1","7","[CUDA memcpy HtoD]"
46137344,2.926836,5.383802e-03,720896,1,1,64,1,1,10,0,0,,,"Quadro K5200 (1)","1","7","vectorAdd(float const *, float const *, float*, int) [189]"
46137344,2.932224,0.035789,,,,,,,,,,176.000000,4.802445,"Quadro K5200 (1)","1","7","[CUDA memcpy DtoH]"
50331648,"Start","Duration","Grid X","Grid Y","Grid Z","Block X","Block Y","Block Z","Registers Per Thread","Static SMem","Dynamic SMem","Size","Throughput","Device","Context","Stream","Name"
50331648,s,s,,,,,,,,B,B,MB,GB/s,,,,
50331648,2.994540,0.033348,,,,,,,,,,192.000000,5.622476,"Quadro K5200 (1)","1","7","[CUDA memcpy HtoD]"
50331648,3.027988,0.033337,,,,,,,,,,192.000000,5.624462,"Quadro K5200 (1)","1","7","[CUDA memcpy HtoD]"
50331648,3.061331,5.821055e-03,786432,1,1,64,1,1,10,0,0,,,"Quadro K5200 (1)","1","7","vectorAdd(float const *, float const *, float*, int) [189]"
50331648,3.067157,0.039047,,,,,,,,,,192.000000,4.801845,"Quadro K5200 (1)","1","7","[CUDA memcpy DtoH]"
54525952,"Start","Duration","Grid X","Grid Y","Grid Z","Block X","Block Y","Block Z","Registers Per Thread","Static SMem","Dynamic SMem","Size","Throughput","Device","Context","Stream","Name"
54525952,s,s,,,,,,,,B,B,MB,GB/s,,,,
54525952,3.108809,0.036122,,,,,,,,,,208.000000,5.623351,"Quadro K5200 (1)","1","7","[CUDA memcpy HtoD]"
54525952,3.145029,0.036081,,,,,,,,,,208.000000,5.629620,"Quadro K5200 (1)","1","7","[CUDA memcpy HtoD]"
54525952,3.181117,6.390724e-03,851968,1,1,64,1,1,10,0,0,,,"Quadro K5200 (1)","1","7","vectorAdd(float const *, float const *, float*, int) [189]"
54525952,3.187512,0.041906,,,,,,,,,,208.000000,4.847208,"Quadro K5200 (1)","1","7","[CUDA memcpy DtoH]"
58720256,"Start","Duration","Grid X","Grid Y","Grid Z","Block X","Block Y","Block Z","Registers Per Thread","Static SMem","Dynamic SMem","Size","Throughput","Device","Context","Stream","Name"
58720256,s,s,,,,,,,,B,B,MB,GB/s,,,,
58720256,3.230508,0.038951,,,,,,,,,,224.000000,5.616016,"Quadro K5200 (1)","1","7","[CUDA memcpy HtoD]"
58720256,3.269554,0.038926,,,,,,,,,,224.000000,5.619630,"Quadro K5200 (1)","1","7","[CUDA memcpy HtoD]"
58720256,3.308487,6.888937e-03,917504,1,1,64,1,1,10,0,0,,,"Quadro K5200 (1)","1","7","vectorAdd(float const *, float const *, float*, int) [189]"
58720256,3.315382,0.046219,,,,,,,,,,224.000000,4.732933,"Quadro K5200 (1)","1","7","[CUDA memcpy DtoH]"
62914560,"Start","Duration","Grid X","Grid Y","Grid Z","Block X","Block Y","Block Z","Registers Per Thread","Static SMem","Dynamic SMem","Size","Throughput","Device","Context","Stream","Name"
62914560,s,s,,,,,,,,B,B,MB,GB/s,,,,
62914560,3.371086,0.041721,,,,,,,,,,240.000000,5.617733,"Quadro K5200 (1)","1","7","[CUDA memcpy HtoD]"
62914560,3.412904,0.041718,,,,,,,,,,240.000000,5.618086,"Quadro K5200 (1)","1","7","[CUDA memcpy HtoD]"
62914560,3.454629,7.299629e-03,983040,1,1,64,1,1,10,0,0,,,"Quadro K5200 (1)","1","7","vectorAdd(float const *, float const *, float*, int) [189]"
62914560,3.461933,0.048778,,,,,,,,,,240.000000,4.804928,"Quadro K5200 (1)","1","7","[CUDA memcpy DtoH]"
67108864,"Start","Duration","Grid X","Grid Y","Grid Z","Block X","Block Y","Block Z","Registers Per Thread","Static SMem","Dynamic SMem","Size","Throughput","Device","Context","Stream","Name"
67108864,s,s,,,,,,,,B,B,MB,GB/s,,,,
67108864,3.481228,0.044471,,,,,,,,,,256.000000,5.621690,"Quadro K5200 (1)","1","7","[CUDA memcpy HtoD]"
67108864,3.525793,0.044460,,,,,,,,,,256.000000,5.623021,"Quadro K5200 (1)","1","7","[CUDA memcpy HtoD]"
67108864,3.570260,7.898387e-03,1048576,1,1,64,1,1,10,0,0,,,"Quadro K5200 (1)","1","7","vectorAdd(float const *, float const *, float*, int) [189]"
67108864,3.578161,0.052045,,,,,,,,,,256.000000,4.803536,"Quadro K5200 (1)","1","7","[CUDA memcpy DtoH]"
71303168,"Start","Duration","Grid X","Grid Y","Grid Z","Block X","Block Y","Block Z","Registers Per Thread","Static SMem","Dynamic SMem","Size","Throughput","Device","Context","Stream","Name"
71303168,s,s,,,,,,,,B,B,MB,GB/s,,,,
71303168,3.624353,0.047289,,,,,,,,,,272.000000,5.616999,"Quadro K5200 (1)","1","7","[CUDA memcpy HtoD]"
71303168,3.671737,0.047293,,,,,,,,,,272.000000,5.616573,"Quadro K5200 (1)","1","7","[CUDA memcpy HtoD]"
71303168,3.719037,8.273462e-03,1114112,1,1,64,1,1,10,0,0,,,"Quadro K5200 (1)","1","7","vectorAdd(float const *, float const *, float*, int) [189]"
71303168,3.727315,0.054763,,,,,,,,,,272.000000,4.850477,"Quadro K5200 (1)","1","7","[CUDA memcpy DtoH]"
75497472,"Start","Duration","Grid X","Grid Y","Grid Z","Block X","Block Y","Block Z","Registers Per Thread","Static SMem","Dynamic SMem","Size","Throughput","Device","Context","Stream","Name"
75497472,s,s,,,,,,,,B,B,MB,GB/s,,,,
75497472,3.755508,0.050066,,,,,,,,,,288.000000,5.617636,"Quadro K5200 (1)","1","7","[CUDA memcpy HtoD]"
75497472,3.805670,0.050070,,,,,,,,,,288.000000,5.617083,"Quadro K5200 (1)","1","7","[CUDA memcpy HtoD]"
75497472,3.855747,8.158964e-03,1179648,1,1,64,1,1,10,0,0,,,"Quadro K5200 (1)","1","7","vectorAdd(float const *, float const *, float*, int) [189]"
75497472,3.863912,0.058480,,,,,,,,,,288.000000,4.809368,"Quadro K5200 (1)","1","7","[CUDA memcpy DtoH]"
79691776,"Start","Duration","Grid X","Grid Y","Grid Z","Block X","Block Y","Block Z","Registers Per Thread","Static SMem","Dynamic SMem","Size","Throughput","Device","Context","Stream","Name"
79691776,s,s,,,,,,,,B,B,MB,GB/s,,,,
79691776,3.884373,0.052818,,,,,,,,,,304.000000,5.620701,"Quadro K5200 (1)","1","7","[CUDA memcpy HtoD]"
79691776,3.937288,0.052812,,,,,,,,,,304.000000,5.621321,"Quadro K5200 (1)","1","7","[CUDA memcpy HtoD]"
79691776,3.990108,9.311328e-03,1245184,1,1,64,1,1,10,0,0,,,"Quadro K5200 (1)","1","7","vectorAdd(float const *, float const *, float*, int) [189]"
79691776,3.999423,0.062448,,,,,,,,,,304.000000,4.753972,"Quadro K5200 (1)","1","7","[CUDA memcpy DtoH]"
83886080,"Start","Duration","Grid X","Grid Y","Grid Z","Block X","Block Y","Block Z","Registers Per Thread","Static SMem","Dynamic SMem","Size","Throughput","Device","Context","Stream","Name"
83886080,s,s,,,,,,,,B,B,MB,GB/s,,,,
83886080,4.001838,0.055591,,,,,,,,,,320.000000,5.621387,"Quadro K5200 (1)","1","7","[CUDA memcpy HtoD]"
83886080,4.057524,0.055578,,,,,,,,,,320.000000,5.622692,"Quadro K5200 (1)","1","7","[CUDA memcpy HtoD]"
83886080,4.113109,9.787365e-03,1310720,1,1,64,1,1,10,0,0,,,"Quadro K5200 (1)","1","7","vectorAdd(float const *, float const *, float*, int) [189]"
83886080,4.122901,0.064483,,,,,,,,,,320.000000,4.846210,"Quadro K5200 (1)","1","7","[CUDA memcpy DtoH]"
88080384,"Start","Duration","Grid X","Grid Y","Grid Z","Block X","Block Y","Block Z","Registers Per Thread","Static SMem","Dynamic SMem","Size","Throughput","Device","Context","Stream","Name"
88080384,s,s,,,,,,,,B,B,MB,GB/s,,,,
88080384,4.141633,0.058506,,,,,,,,,,336.000000,5.608380,"Quadro K5200 (1)","1","7","[CUDA memcpy HtoD]"
88080384,4.200259,0.058446,,,,,,,,,,336.000000,5.614144,"Quadro K5200 (1)","1","7","[CUDA memcpy HtoD]"
88080384,4.258712,0.010325,1376256,1,1,64,1,1,10,0,0,,,"Quadro K5200 (1)","1","7","vectorAdd(float const *, float const *, float*, int) [189]"
88080384,4.269043,0.086224,,,,,,,,,,336.000000,3.805490,"Quadro K5200 (1)","1","7","[CUDA memcpy DtoH]"
92274688,"Start","Duration","Grid X","Grid Y","Grid Z","Block X","Block Y","Block Z","Registers Per Thread","Static SMem","Dynamic SMem","Size","Throughput","Device","Context","Stream","Name"
92274688,s,s,,,,,,,,B,B,MB,GB/s,,,,
92274688,4.272151,0.061188,,,,,,,,,,352.000000,5.617945,"Quadro K5200 (1)","1","7","[CUDA memcpy HtoD]"
92274688,4.333435,0.061766,,,,,,,,,,352.000000,5.565388,"Quadro K5200 (1)","1","7","[CUDA memcpy HtoD]"
92274688,4.395207,8.754584e-03,1441792,1,1,64,1,1,10,0,0,,,"Quadro K5200 (1)","1","7","vectorAdd(float const *, float const *, float*, int) [189]"
92274688,4.403967,0.071528,,,,,,,,,,352.000000,4.805813,"Quadro K5200 (1)","1","7","[CUDA memcpy DtoH]"
96468992,"Start","Duration","Grid X","Grid Y","Grid Z","Block X","Block Y","Block Z","Registers Per Thread","Static SMem","Dynamic SMem","Size","Throughput","Device","Context","Stream","Name"
96468992,s,s,,,,,,,,B,B,MB,GB/s,,,,
96468992,4.367995,0.063882,,,,,,,,,,368.000000,5.625613,"Quadro K5200 (1)","1","7","[CUDA memcpy HtoD]"
96468992,4.431974,0.063870,,,,,,,,,,368.000000,5.626653,"Quadro K5200 (1)","1","7","[CUDA memcpy HtoD]"
96468992,4.495851,0.011360,1507328,1,1,64,1,1,10,0,0,,,"Quadro K5200 (1)","1","7","vectorAdd(float const *, float const *, float*, int) [189]"
96468992,4.507215,0.075472,,,,,,,,,,368.000000,4.761720,"Quadro K5200 (1)","1","7","[CUDA memcpy DtoH]"
100663296,"Start","Duration","Grid X","Grid Y","Grid Z","Block X","Block Y","Block Z","Registers Per Thread","Static SMem","Dynamic SMem","Size","Throughput","Device","Context","Stream","Name"
100663296,s,s,,,,,,,,B,B,MB,GB/s,,,,
100663296,4.503486,0.066768,,,,,,,,,,384.000000,5.616447,"Quadro K5200 (1)","1","7","[CUDA memcpy HtoD]"
100663296,4.570352,0.066763,,,,,,,,,,384.000000,5.616843,"Quadro K5200 (1)","1","7","[CUDA memcpy HtoD]"
100663296,4.637122,0.011535,1572864,1,1,64,1,1,10,0,0,,,"Quadro K5200 (1)","1","7","vectorAdd(float const *, float const *, float*, int) [189]"
100663296,4.648660,0.078634,,,,,,,,,,384.000000,4.768937,"Quadro K5200 (1)","1","7","[CUDA memcpy DtoH]"
104857600,"Start","Duration","Grid X","Grid Y","Grid Z","Block X","Block Y","Block Z","Registers Per Thread","Static SMem","Dynamic SMem","Size","Throughput","Device","Context","Stream","Name"
104857600,s,s,,,,,,,,B,B,MB,GB/s,,,,
104857600,4.622562,0.069445,,,,,,,,,,400.000000,5.624946,"Quadro K5200 (1)","1","7","[CUDA memcpy HtoD]"
104857600,4.692108,0.069443,,,,,,,,,,400.000000,5.625115,"Quadro K5200 (1)","1","7","[CUDA memcpy HtoD]"
104857600,4.761558,0.012301,1638400,1,1,64,1,1,10,0,0,,,"Quadro K5200 (1)","1","7","vectorAdd(float const *, float const *, float*, int) [189]"
104857600,4.773864,0.081322,,,,,,,,,,400.000000,4.803446,"Quadro K5200 (1)","1","7","[CUDA memcpy DtoH]"
109051904,"Start","Duration","Grid X","Grid Y","Grid Z","Block X","Block Y","Block Z","Registers Per Thread","Static SMem","Dynamic SMem","Size","Throughput","Device","Context","Stream","Name"
109051904,s,s,,,,,,,,B,B,MB,GB/s,,,,
109051904,4.754892,0.072316,,,,,,,,,,416.000000,5.617711,"Quadro K5200 (1)","1","7","[CUDA memcpy HtoD]"
109051904,4.827306,0.072865,,,,,,,,,,416.000000,5.575375,"Quadro K5200 (1)","1","7","[CUDA memcpy HtoD]"
109051904,4.900178,0.010306,1703936,1,1,64,1,1,10,0,0,,,"Quadro K5200 (1)","1","7","vectorAdd(float const *, float const *, float*, int) [189]"
109051904,4.910488,0.084552,,,,,,,,,,416.000000,4.804755,"Quadro K5200 (1)","1","7","[CUDA memcpy DtoH]"
113246208,"Start","Duration","Grid X","Grid Y","Grid Z","Block X","Block Y","Block Z","Registers Per Thread","Static SMem","Dynamic SMem","Size","Throughput","Device","Context","Stream","Name"
113246208,s,s,,,,,,,,B,B,MB,GB/s,,,,
113246208,4.877811,0.075066,,,,,,,,,,432.000000,5.620031,"Quadro K5200 (1)","1","7","[CUDA memcpy HtoD]"
113246208,4.952973,0.075070,,,,,,,,,,432.000000,5.619727,"Quadro K5200 (1)","1","7","[CUDA memcpy HtoD]"
113246208,5.028051,0.012714,1769472,1,1,64,1,1,10,0,0,,,"Quadro K5200 (1)","1","7","vectorAdd(float const *, float const *, float*, int) [189]"
113246208,5.040770,0.087721,,,,,,,,,,432.000000,4.809266,"Quadro K5200 (1)","1","7","[CUDA memcpy DtoH]"
117440512,"Start","Duration","Grid X","Grid Y","Grid Z","Block X","Block Y","Block Z","Registers Per Thread","Static SMem","Dynamic SMem","Size","Throughput","Device","Context","Stream","Name"
117440512,s,s,,,,,,,,B,B,MB,GB/s,,,,
117440512,5.003605,0.077865,,,,,,,,,,448.000000,5.618684,"Quadro K5200 (1)","1","7","[CUDA memcpy HtoD]"
117440512,5.081567,0.077856,,,,,,,,,,448.000000,5.619365,"Quadro K5200 (1)","1","7","[CUDA memcpy HtoD]"
117440512,5.159430,0.013808,1835008,1,1,64,1,1,10,0,0,,,"Quadro K5200 (1)","1","7","vectorAdd(float const *, float const *, float*, int) [189]"
117440512,5.173243,0.091693,,,,,,,,,,448.000000,4.771344,"Quadro K5200 (1)","1","7","[CUDA memcpy DtoH]"
121634816,"Start","Duration","Grid X","Grid Y","Grid Z","Block X","Block Y","Block Z","Registers Per Thread","Static SMem","Dynamic SMem","Size","Throughput","Device","Context","Stream","Name"
121634816,s,s,,,,,,,,B,B,MB,GB/s,,,,
121634816,5.130135,0.080556,,,,,,,,,,464.000000,5.624995,"Quadro K5200 (1)","1","7","[CUDA memcpy HtoD]"
121634816,5.210788,0.080558,,,,,,,,,,464.000000,5.624850,"Quadro K5200 (1)","1","7","[CUDA memcpy HtoD]"
121634816,5.291353,0.014173,1900544,1,1,64,1,1,10,0,0,,,"Quadro K5200 (1)","1","7","vectorAdd(float const *, float const *, float*, int) [189]"
121634816,5.305532,0.094087,,,,,,,,,,464.000000,4.816035,"Quadro K5200 (1)","1","7","[CUDA memcpy DtoH]"
125829120,"Start","Duration","Grid X","Grid Y","Grid Z","Block X","Block Y","Block Z","Registers Per Thread","Static SMem","Dynamic SMem","Size","Throughput","Device","Context","Stream","Name"
125829120,s,s,,,,,,,,B,B,MB,GB/s,,,,
125829120,5.252593,0.083386,,,,,,,,,,480.000000,5.621461,"Quadro K5200 (1)","1","7","[CUDA memcpy HtoD]"
125829120,5.336073,0.083946,,,,,,,,,,480.000000,5.583949,"Quadro K5200 (1)","1","7","[CUDA memcpy HtoD]"
125829120,5.420025,0.011849,1966080,1,1,64,1,1,10,0,0,,,"Quadro K5200 (1)","1","7","vectorAdd(float const *, float const *, float*, int) [189]"
125829120,5.431877,0.097792,,,,,,,,,,480.000000,4.793353,"Quadro K5200 (1)","1","7","[CUDA memcpy DtoH]"
130023424,"Start","Duration","Grid X","Grid Y","Grid Z","Block X","Block Y","Block Z","Registers Per Thread","Static SMem","Dynamic SMem","Size","Throughput","Device","Context","Stream","Name"
130023424,s,s,,,,,,,,B,B,MB,GB/s,,,,
130023424,5.369737,0.086121,,,,,,,,,,496.000000,5.624322,"Quadro K5200 (1)","1","7","[CUDA memcpy HtoD]"
130023424,5.455955,0.086740,,,,,,,,,,496.000000,5.584217,"Quadro K5200 (1)","1","7","[CUDA memcpy HtoD]"
130023424,5.542701,0.012316,2031616,1,1,64,1,1,10,0,0,,,"Quadro K5200 (1)","1","7","vectorAdd(float const *, float const *, float*, int) [189]"
130023424,5.555022,0.100805,,,,,,,,,,496.000000,4.805069,"Quadro K5200 (1)","1","7","[CUDA memcpy DtoH]"
134217728,"Start","Duration","Grid X","Grid Y","Grid Z","Block X","Block Y","Block Z","Registers Per Thread","Static SMem","Dynamic SMem","Size","Throughput","Device","Context","Stream","Name"
134217728,s,s,,,,,,,,B,B,MB,GB/s,,,,
134217728,5.537006,0.088895,,,,,,,,,,512.000000,5.624628,"Quadro K5200 (1)","1","7","[CUDA memcpy HtoD]"
134217728,5.625997,0.088886,,,,,,,,,,512.000000,5.625185,"Quadro K5200 (1)","1","7","[CUDA memcpy HtoD]"
134217728,5.714890,0.015565,2097152,1,1,64,1,1,10,0,0,,,"Quadro K5200 (1)","1","7","vectorAdd(float const *, float const *, float*, int) [189]"
134217728,5.730458,0.104102,,,,,,,,,,512.000000,4.802994,"Quadro K5200 (1)","1","7","[CUDA memcpy DtoH]"
138412032,"Start","Duration","Grid X","Grid Y","Grid Z","Block X","Block Y","Block Z","Registers Per Thread","Static SMem","Dynamic SMem","Size","Throughput","Device","Context","Stream","Name"
138412032,s,s,,,,,,,,B,B,MB,GB/s,,,,
138412032,5.643232,0.091634,,,,,,,,,,528.000000,5.627016,"Quadro K5200 (1)","1","7","[CUDA memcpy HtoD]"
138412032,5.734965,0.091625,,,,,,,,,,528.000000,5.627531,"Quadro K5200 (1)","1","7","[CUDA memcpy HtoD]"
138412032,5.826597,0.016085,2162688,1,1,64,1,1,10,0,0,,,"Quadro K5200 (1)","1","7","vectorAdd(float const *, float const *, float*, int) [189]"
138412032,5.842687,0.107963,,,,,,,,,,528.000000,4.775937,"Quadro K5200 (1)","1","7","[CUDA memcpy DtoH]"
142606336,"Start","Duration","Grid X","Grid Y","Grid Z","Block X","Block Y","Block Z","Registers Per Thread","Static SMem","Dynamic SMem","Size","Throughput","Device","Context","Stream","Name"
142606336,s,s,,,,,,,,B,B,MB,GB/s,,,,
142606336,5.760396,0.094460,,,,,,,,,,544.000000,5.624089,"Quadro K5200 (1)","1","7","[CUDA memcpy HtoD]"
142606336,5.854953,0.095001,,,,,,,,,,544.000000,5.592050,"Quadro K5200 (1)","1","7","[CUDA memcpy HtoD]"
142606336,5.949961,0.013478,2228224,1,1,64,1,1,10,0,0,,,"Quadro K5200 (1)","1","7","vectorAdd(float const *, float const *, float*, int) [189]"
142606336,5.963444,0.111117,,,,,,,,,,544.000000,4.780976,"Quadro K5200 (1)","1","7","[CUDA memcpy DtoH]"
146800640,"Start","Duration","Grid X","Grid Y","Grid Z","Block X","Block Y","Block Z","Registers Per Thread","Static SMem","Dynamic SMem","Size","Throughput","Device","Context","Stream","Name"
146800640,s,s,,,,,,,,B,B,MB,GB/s,,,,
146800640,5.883109,0.097284,,,,,,,,,,560.000000,5.621434,"Quadro K5200 (1)","1","7","[CUDA memcpy HtoD]"
146800640,5.980492,0.097868,,,,,,,,,,560.000000,5.587888,"Quadro K5200 (1)","1","7","[CUDA memcpy HtoD]"
146800640,6.078366,0.013875,2293760,1,1,64,1,1,10,0,0,,,"Quadro K5200 (1)","1","7","vectorAdd(float const *, float const *, float*, int) [189]"
146800640,6.092247,0.113747,,,,,,,,,,560.000000,4.807810,"Quadro K5200 (1)","1","7","[CUDA memcpy DtoH]"
150994944,"Start","Duration","Grid X","Grid Y","Grid Z","Block X","Block Y","Block Z","Registers Per Thread","Static SMem","Dynamic SMem","Size","Throughput","Device","Context","Stream","Name"
150994944,s,s,,,,,,,,B,B,MB,GB/s,,,,
150994944,6.762871,0.100095,,,,,,,,,,576.000000,5.619686,"Quadro K5200 (1)","1","7","[CUDA memcpy HtoD]"
150994944,6.863061,0.100602,,,,,,,,,,576.000000,5.591324,"Quadro K5200 (1)","1","7","[CUDA memcpy HtoD]"
150994944,6.963670,0.014261,2359296,1,1,64,1,1,10,0,0,,,"Quadro K5200 (1)","1","7","vectorAdd(float const *, float const *, float*, int) [189]"
150994944,6.977936,0.116509,,,,,,,,,,576.000000,4.827968,"Quadro K5200 (1)","1","7","[CUDA memcpy DtoH]"
155189248,"Start","Duration","Grid X","Grid Y","Grid Z","Block X","Block Y","Block Z","Registers Per Thread","Static SMem","Dynamic SMem","Size","Throughput","Device","Context","Stream","Name"
155189248,s,s,,,,,,,,B,B,MB,GB/s,,,,
155189248,6.136413,0.102804,,,,,,,,,,592.000000,5.623578,"Quadro K5200 (1)","1","7","[CUDA memcpy HtoD]"
155189248,6.239332,0.102797,,,,,,,,,,592.000000,5.623942,"Quadro K5200 (1)","1","7","[CUDA memcpy HtoD]"
155189248,6.342137,0.018235,2424832,1,1,64,1,1,10,0,0,,,"Quadro K5200 (1)","1","7","vectorAdd(float const *, float const *, float*, int) [189]"
155189248,6.360377,0.120956,,,,,,,,,,592.000000,4.779615,"Quadro K5200 (1)","1","7","[CUDA memcpy DtoH]"
159383552,"Start","Duration","Grid X","Grid Y","Grid Z","Block X","Block Y","Block Z","Registers Per Thread","Static SMem","Dynamic SMem","Size","Throughput","Device","Context","Stream","Name"
159383552,s,s,,,,,,,,B,B,MB,GB/s,,,,
159383552,6.194812,0.105720,,,,,,,,,,608.000000,5.616275,"Quadro K5200 (1)","1","7","[CUDA memcpy HtoD]"
159383552,6.300627,0.106322,,,,,,,,,,608.000000,5.584457,"Quadro K5200 (1)","1","7","[CUDA memcpy HtoD]"
159383552,6.406955,0.015067,2490368,1,1,64,1,1,10,0,0,,,"Quadro K5200 (1)","1","7","vectorAdd(float const *, float const *, float*, int) [189]"
159383552,6.422026,0.123521,,,,,,,,,,608.000000,4.806859,"Quadro K5200 (1)","1","7","[CUDA memcpy DtoH]"
163577856,"Start","Duration","Grid X","Grid Y","Grid Z","Block X","Block Y","Block Z","Registers Per Thread","Static SMem","Dynamic SMem","Size","Throughput","Device","Context","Stream","Name"
163577856,s,s,,,,,,,,B,B,MB,GB/s,,,,
163577856,6.392413,0.108483,,,,,,,,,,624.000000,5.617224,"Quadro K5200 (1)","1","7","[CUDA memcpy HtoD]"
163577856,6.500993,0.108962,,,,,,,,,,624.000000,5.592523,"Quadro K5200 (1)","1","7","[CUDA memcpy HtoD]"
163577856,6.609962,0.015404,2555904,1,1,64,1,1,10,0,0,,,"Quadro K5200 (1)","1","7","vectorAdd(float const *, float const *, float*, int) [189]"
163577856,6.625372,0.127935,,,,,,,,,,624.000000,4.763169,"Quadro K5200 (1)","1","7","[CUDA memcpy DtoH]"
167772160,"Start","Duration","Grid X","Grid Y","Grid Z","Block X","Block Y","Block Z","Registers Per Thread","Static SMem","Dynamic SMem","Size","Throughput","Device","Context","Stream","Name"
167772160,s,s,,,,,,,,B,B,MB,GB/s,,,,
167772160,6.514800,0.111231,,,,,,,,,,640.000000,5.618924,"Quadro K5200 (1)","1","7","[CUDA memcpy HtoD]"
167772160,6.626127,0.111823,,,,,,,,,,640.000000,5.589169,"Quadro K5200 (1)","1","7","[CUDA memcpy HtoD]"
167772160,6.737957,0.015862,2621440,1,1,64,1,1,10,0,0,,,"Quadro K5200 (1)","1","7","vectorAdd(float const *, float const *, float*, int) [189]"
167772160,6.753823,0.129989,,,,,,,,,,640.000000,4.808110,"Quadro K5200 (1)","1","7","[CUDA memcpy DtoH]"
171966464,"Start","Duration","Grid X","Grid Y","Grid Z","Block X","Block Y","Block Z","Registers Per Thread","Static SMem","Dynamic SMem","Size","Throughput","Device","Context","Stream","Name"
171966464,s,s,,,,,,,,B,B,MB,GB/s,,,,
171966464,6.570202,0.113991,,,,,,,,,,656.000000,5.619954,"Quadro K5200 (1)","1","7","[CUDA memcpy HtoD]"
171966464,6.684288,0.114511,,,,,,,,,,656.000000,5.594430,"Quadro K5200 (1)","1","7","[CUDA memcpy HtoD]"
171966464,6.798805,0.016198,2686976,1,1,64,1,1,10,0,0,,,"Quadro K5200 (1)","1","7","vectorAdd(float const *, float const *, float*, int) [189]"
171966464,6.815007,0.133979,,,,,,,,,,656.000000,4.781519,"Quadro K5200 (1)","1","7","[CUDA memcpy DtoH]"
176160768,"Start","Duration","Grid X","Grid Y","Grid Z","Block X","Block Y","Block Z","Registers Per Thread","Static SMem","Dynamic SMem","Size","Throughput","Device","Context","Stream","Name"
176160768,s,s,,,,,,,,B,B,MB,GB/s,,,,
176160768,6.766385,0.116742,,,,,,,,,,672.000000,5.621386,"Quadro K5200 (1)","1","7","[CUDA memcpy HtoD]"
176160768,6.883223,0.117142,,,,,,,,,,672.000000,5.602166,"Quadro K5200 (1)","1","7","[CUDA memcpy HtoD]"
176160768,7.000371,0.016655,2752512,1,1,64,1,1,10,0,0,,,"Quadro K5200 (1)","1","7","vectorAdd(float const *, float const *, float*, int) [189]"
176160768,7.017032,0.137325,,,,,,,,,,672.000000,4.778795,"Quadro K5200 (1)","1","7","[CUDA memcpy DtoH]"
180355072,"Start","Duration","Grid X","Grid Y","Grid Z","Block X","Block Y","Block Z","Registers Per Thread","Static SMem","Dynamic SMem","Size","Throughput","Device","Context","Stream","Name"
180355072,s,s,,,,,,,,B,B,MB,GB/s,,,,
180355072,6.894647,0.119575,,,,,,,,,,688.000000,5.618846,"Quadro K5200 (1)","1","7","[CUDA memcpy HtoD]"
180355072,7.014318,0.120056,,,,,,,,,,688.000000,5.596357,"Quadro K5200 (1)","1","7","[CUDA memcpy HtoD]"
180355072,7.134380,0.017075,2818048,1,1,64,1,1,10,0,0,,,"Quadro K5200 (1)","1","7","vectorAdd(float const *, float const *, float*, int) [189]"
180355072,7.151460,0.140340,,,,,,,,,,688.000000,4.787478,"Quadro K5200 (1)","1","7","[CUDA memcpy DtoH]"
184549376,"Start","Duration","Grid X","Grid Y","Grid Z","Block X","Block Y","Block Z","Registers Per Thread","Static SMem","Dynamic SMem","Size","Throughput","Device","Context","Stream","Name"
184549376,s,s,,,,,,,,B,B,MB,GB/s,,,,
184549376,7.039823,0.122261,,,,,,,,,,704.000000,5.623194,"Quadro K5200 (1)","1","7","[CUDA memcpy HtoD]"
184549376,7.162182,0.122839,,,,,,,,,,704.000000,5.596763,"Quadro K5200 (1)","1","7","[CUDA memcpy HtoD]"
184549376,7.285027,0.017471,2883584,1,1,64,1,1,10,0,0,,,"Quadro K5200 (1)","1","7","vectorAdd(float const *, float const *, float*, int) [189]"
184549376,7.302503,0.143671,,,,,,,,,,704.000000,4.785236,"Quadro K5200 (1)","1","7","[CUDA memcpy DtoH]"
188743680,"Start","Duration","Grid X","Grid Y","Grid Z","Block X","Block Y","Block Z","Registers Per Thread","Static SMem","Dynamic SMem","Size","Throughput","Device","Context","Stream","Name"
188743680,s,s,,,,,,,,B,B,MB,GB/s,,,,
188743680,7.172316,0.125905,,,,,,,,,,720.000000,5.584582,"Quadro K5200 (1)","1","7","[CUDA memcpy HtoD]"
188743680,7.298320,0.125669,,,,,,,,,,720.000000,5.595064,"Quadro K5200 (1)","1","7","[CUDA memcpy HtoD]"
188743680,7.423995,0.017789,2949120,1,1,64,1,1,10,0,0,,,"Quadro K5200 (1)","1","7","vectorAdd(float const *, float const *, float*, int) [189]"
188743680,7.441787,0.146940,,,,,,,,,,720.000000,4.785112,"Quadro K5200 (1)","1","7","[CUDA memcpy DtoH]"
192937984,"Start","Duration","Grid X","Grid Y","Grid Z","Block X","Block Y","Block Z","Registers Per Thread","Static SMem","Dynamic SMem","Size","Throughput","Device","Context","Stream","Name"
192937984,s,s,,,,,,,,B,B,MB,GB/s,,,,
192937984,7.265084,0.127848,,,,,,,,,,736.000000,5.621929,"Quadro K5200 (1)","1","7","[CUDA memcpy HtoD]"
192937984,7.393029,0.128015,,,,,,,,,,736.000000,5.614588,"Quadro K5200 (1)","1","7","[CUDA memcpy HtoD]"
192937984,7.521050,0.018230,3014656,1,1,64,1,1,10,0,0,,,"Quadro K5200 (1)","1","7","vectorAdd(float const *, float const *, float*, int) [189]"
192937984,7.539284,0.149943,,,,,,,,,,736.000000,4.793481,"Quadro K5200 (1)","1","7","[CUDA memcpy DtoH]"
197132288,"Start","Duration","Grid X","Grid Y","Grid Z","Block X","Block Y","Block Z","Registers Per Thread","Static SMem","Dynamic SMem","Size","Throughput","Device","Context","Stream","Name"
197132288,s,s,,,,,,,,B,B,MB,GB/s,,,,
197132288,7.389014,0.130517,,,,,,,,,,752.000000,5.626668,"Quadro K5200 (1)","1","7","[CUDA memcpy HtoD]"
197132288,7.519629,0.131102,,,,,,,,,,752.000000,5.601552,"Quadro K5200 (1)","1","7","[CUDA memcpy HtoD]"
197132288,7.650737,0.018586,3080192,1,1,64,1,1,10,0,0,,,"Quadro K5200 (1)","1","7","vectorAdd(float const *, float const *, float*, int) [189]"
197132288,7.669328,0.153366,,,,,,,,,,752.000000,4.788383,"Quadro K5200 (1)","1","7","[CUDA memcpy DtoH]"
201326592,"Start","Duration","Grid X","Grid Y","Grid Z","Block X","Block Y","Block Z","Registers Per Thread","Static SMem","Dynamic SMem","Size","Throughput","Device","Context","Stream","Name"
201326592,s,s,,,,,,,,B,B,MB,GB/s,,,,
201326592,7.525200,0.133605,,,,,,,,,,768.000000,5.613564,"Quadro K5200 (1)","1","7","[CUDA memcpy HtoD]"
201326592,7.658901,0.134067,,,,,,,,,,768.000000,5.594220,"Quadro K5200 (1)","1","7","[CUDA memcpy HtoD]"
201326592,7.792975,0.018950,3145728,1,1,64,1,1,10,0,0,,,"Quadro K5200 (1)","1","7","vectorAdd(float const *, float const *, float*, int) [189]"
201326592,7.811930,0.156646,,,,,,,,,,768.000000,4.787852,"Quadro K5200 (1)","1","7","[CUDA memcpy DtoH]"
205520896,"Start","Duration","Grid X","Grid Y","Grid Z","Block X","Block Y","Block Z","Registers Per Thread","Static SMem","Dynamic SMem","Size","Throughput","Device","Context","Stream","Name"
205520896,s,s,,,,,,,,B,B,MB,GB/s,,,,
205520896,7.647174,0.136178,,,,,,,,,,784.000000,5.622255,"Quadro K5200 (1)","1","7","[CUDA memcpy HtoD]"
205520896,7.783447,0.136807,,,,,,,,,,784.000000,5.596395,"Quadro K5200 (1)","1","7","[CUDA memcpy HtoD]"
205520896,7.920260,0.019433,3211264,1,1,64,1,1,10,0,0,,,"Quadro K5200 (1)","1","7","vectorAdd(float const *, float const *, float*, int) [189]"
205520896,7.939697,0.159872,,,,,,,,,,784.000000,4.788975,"Quadro K5200 (1)","1","7","[CUDA memcpy DtoH]"
209715200,"Start","Duration","Grid X","Grid Y","Grid Z","Block X","Block Y","Block Z","Registers Per Thread","Static SMem","Dynamic SMem","Size","Throughput","Device","Context","Stream","Name"
209715200,s,s,,,,,,,,B,B,MB,GB/s,,,,
209715200,7.782701,0.139560,,,,,,,,,,800.000000,5.597964,"Quadro K5200 (1)","1","7","[CUDA memcpy HtoD]"
209715200,7.922355,0.138796,,,,,,,,,,800.000000,5.628764,"Quadro K5200 (1)","1","7","[CUDA memcpy HtoD]"
209715200,8.061157,0.019397,3276800,1,1,64,1,1,10,0,0,,,"Quadro K5200 (1)","1","7","vectorAdd(float const *, float const *, float*, int) [189]"
209715200,8.080558,0.162350,,,,,,,,,,800.000000,4.812135,"Quadro K5200 (1)","1","7","[CUDA memcpy DtoH]"
213909504,"Start","Duration","Grid X","Grid Y","Grid Z","Block X","Block Y","Block Z","Registers Per Thread","Static SMem","Dynamic SMem","Size","Throughput","Device","Context","Stream","Name"
213909504,s,s,,,,,,,,B,B,MB,GB/s,,,,
213909504,7.900242,0.141879,,,,,,,,,,816.000000,5.616589,"Quadro K5200 (1)","1","7","[CUDA memcpy HtoD]"
213909504,8.042215,0.142164,,,,,,,,,,816.000000,5.605314,"Quadro K5200 (1)","1","7","[CUDA memcpy HtoD]"
213909504,8.184385,0.020214,3342336,1,1,64,1,1,10,0,0,,,"Quadro K5200 (1)","1","7","vectorAdd(float const *, float const *, float*, int) [189]"
213909504,8.204605,0.166164,,,,,,,,,,816.000000,4.795705,"Quadro K5200 (1)","1","7","[CUDA memcpy DtoH]"
218103808,"Start","Duration","Grid X","Grid Y","Grid Z","Block X","Block Y","Block Z","Registers Per Thread","Static SMem","Dynamic SMem","Size","Throughput","Device","Context","Stream","Name"
218103808,s,s,,,,,,,,B,B,MB,GB/s,,,,
218103808,8.082672,0.144745,,,,,,,,,,832.000000,5.613310,"Quadro K5200 (1)","1","7","[CUDA memcpy HtoD]"
218103808,8.227547,0.145248,,,,,,,,,,832.000000,5.593866,"Quadro K5200 (1)","1","7","[CUDA memcpy HtoD]"
218103808,8.372802,0.020656,3407872,1,1,64,1,1,10,0,0,,,"Quadro K5200 (1)","1","7","vectorAdd(float const *, float const *, float*, int) [189]"
218103808,8.393464,0.196770,,,,,,,,,,832.000000,4.129195,"Quadro K5200 (1)","1","7","[CUDA memcpy DtoH]"
222298112,"Start","Duration","Grid X","Grid Y","Grid Z","Block X","Block Y","Block Z","Registers Per Thread","Static SMem","Dynamic SMem","Size","Throughput","Device","Context","Stream","Name"
222298112,s,s,,,,,,,,B,B,MB,GB/s,,,,
222298112,8.171737,0.147331,,,,,,,,,,848.000000,5.620860,"Quadro K5200 (1)","1","7","[CUDA memcpy HtoD]"
222298112,8.319165,0.147811,,,,,,,,,,848.000000,5.602609,"Quadro K5200 (1)","1","7","[CUDA memcpy HtoD]"
222298112,8.466981,0.020978,3473408,1,1,64,1,1,10,0,0,,,"Quadro K5200 (1)","1","7","vectorAdd(float const *, float const *, float*, int) [189]"
222298112,8.487965,0.172435,,,,,,,,,,848.000000,4.802531,"Quadro K5200 (1)","1","7","[CUDA memcpy DtoH]"
226492416,"Start","Duration","Grid X","Grid Y","Grid Z","Block X","Block Y","Block Z","Registers Per Thread","Static SMem","Dynamic SMem","Size","Throughput","Device","Context","Stream","Name"
226492416,s,s,,,,,,,,B,B,MB,GB/s,,,,
226492416,8.292637,0.150546,,,,,,,,,,864.000000,5.604610,"Quadro K5200 (1)","1","7","[CUDA memcpy HtoD]"
226492416,8.443284,0.150319,,,,,,,,,,864.000000,5.613077,"Quadro K5200 (1)","1","7","[CUDA memcpy HtoD]"
226492416,8.593608,0.019316,3538944,1,1,64,1,1,10,0,0,,,"Quadro K5200 (1)","1","7","vectorAdd(float const *, float const *, float*, int) [189]"
226492416,8.612929,0.175241,,,,,,,,,,864.000000,4.814791,"Quadro K5200 (1)","1","7","[CUDA memcpy DtoH]"
230686720,"Start","Duration","Grid X","Grid Y","Grid Z","Block X","Block Y","Block Z","Registers Per Thread","Static SMem","Dynamic SMem","Size","Throughput","Device","Context","Stream","Name"
230686720,s,s,,,,,,,,B,B,MB,GB/s,,,,
230686720,8.363736,0.152814,,,,,,,,,,880.000000,5.623682,"Quadro K5200 (1)","1","7","[CUDA memcpy HtoD]"
230686720,8.516644,0.153344,,,,,,,,,,880.000000,5.604221,"Quadro K5200 (1)","1","7","[CUDA memcpy HtoD]"
230686720,8.669995,0.021799,3604480,1,1,64,1,1,10,0,0,,,"Quadro K5200 (1)","1","7","vectorAdd(float const *, float const *, float*, int) [189]"
230686720,8.691800,0.179208,,,,,,,,,,880.000000,4.795401,"Quadro K5200 (1)","1","7","[CUDA memcpy DtoH]"
234881024,"Start","Duration","Grid X","Grid Y","Grid Z","Block X","Block Y","Block Z","Registers Per Thread","Static SMem","Dynamic SMem","Size","Throughput","Device","Context","Stream","Name"
234881024,s,s,,,,,,,,B,B,MB,GB/s,,,,
234881024,8.571023,0.155478,,,,,,,,,,896.000000,5.627813,"Quadro K5200 (1)","1","7","[CUDA memcpy HtoD]"
234881024,8.726596,0.156025,,,,,,,,,,896.000000,5.608093,"Quadro K5200 (1)","1","7","[CUDA memcpy HtoD]"
234881024,8.882627,0.022211,3670016,1,1,64,1,1,10,0,0,,,"Quadro K5200 (1)","1","7","vectorAdd(float const *, float const *, float*, int) [189]"
234881024,8.904842,0.182465,,,,,,,,,,896.000000,4.795428,"Quadro K5200 (1)","1","7","[CUDA memcpy DtoH]"
239075328,"Start","Duration","Grid X","Grid Y","Grid Z","Block X","Block Y","Block Z","Registers Per Thread","Static SMem","Dynamic SMem","Size","Throughput","Device","Context","Stream","Name"
239075328,s,s,,,,,,,,B,B,MB,GB/s,,,,
239075328,8.690576,0.158722,,,,,,,,,,912.000000,5.611220,"Quadro K5200 (1)","1","7","[CUDA memcpy HtoD]"
239075328,8.849414,0.159742,,,,,,,,,,912.000000,5.575397,"Quadro K5200 (1)","1","7","[CUDA memcpy HtoD]"
239075328,9.009162,0.022566,3735552,1,1,64,1,1,10,0,0,,,"Quadro K5200 (1)","1","7","vectorAdd(float const *, float const *, float*, int) [189]"
239075328,9.031732,0.216021,,,,,,,,,,912.000000,4.122861,"Quadro K5200 (1)","1","7","[CUDA memcpy DtoH]"
243269632,"Start","Duration","Grid X","Grid Y","Grid Z","Block X","Block Y","Block Z","Registers Per Thread","Static SMem","Dynamic SMem","Size","Throughput","Device","Context","Stream","Name"
243269632,s,s,,,,,,,,B,B,MB,GB/s,,,,
243269632,8.784957,0.161755,,,,,,,,,,928.000000,5.602604,"Quadro K5200 (1)","1","7","[CUDA memcpy HtoD]"
243269632,8.946808,0.161583,,,,,,,,,,928.000000,5.608567,"Quadro K5200 (1)","1","7","[CUDA memcpy HtoD]"
243269632,9.108397,0.020893,3801088,1,1,64,1,1,10,0,0,,,"Quadro K5200 (1)","1","7","vectorAdd(float const *, float const *, float*, int) [189]"
243269632,9.129294,0.186522,,,,,,,,,,928.000000,4.858680,"Quadro K5200 (1)","1","7","[CUDA memcpy DtoH]"
247463936,"Start","Duration","Grid X","Grid Y","Grid Z","Block X","Block Y","Block Z","Registers Per Thread","Static SMem","Dynamic SMem","Size","Throughput","Device","Context","Stream","Name"
247463936,s,s,,,,,,,,B,B,MB,GB/s,,,,
247463936,8.917660,0.164047,,,,,,,,,,944.000000,5.619592,"Quadro K5200 (1)","1","7","[CUDA memcpy HtoD]"
247463936,9.081801,0.164379,,,,,,,,,,944.000000,5.608213,"Quadro K5200 (1)","1","7","[CUDA memcpy HtoD]"
247463936,9.246187,0.022065,3866624,1,1,64,1,1,10,0,0,,,"Quadro K5200 (1)","1","7","vectorAdd(float const *, float const *, float*, int) [189]"
247463936,9.268255,0.191472,,,,,,,,,,944.000000,4.814683,"Quadro K5200 (1)","1","7","[CUDA memcpy DtoH]"
251658240,"Start","Duration","Grid X","Grid Y","Grid Z","Block X","Block Y","Block Z","Registers Per Thread","Static SMem","Dynamic SMem","Size","Throughput","Device","Context","Stream","Name"
251658240,s,s,,,,,,,,B,B,MB,GB/s,,,,
251658240,9.033439,0.166840,,,,,,,,,,960.000000,5.619143,"Quadro K5200 (1)","1","7","[CUDA memcpy HtoD]"
251658240,9.200383,0.167291,,,,,,,,,,960.000000,5.604002,"Quadro K5200 (1)","1","7","[CUDA memcpy HtoD]"
251658240,9.367681,0.023674,3932160,1,1,64,1,1,10,0,0,,,"Quadro K5200 (1)","1","7","vectorAdd(float const *, float const *, float*, int) [189]"
251658240,9.391359,0.195507,,,,,,,,,,960.000000,4.795218,"Quadro K5200 (1)","1","7","[CUDA memcpy DtoH]"
255852544,"Start","Duration","Grid X","Grid Y","Grid Z","Block X","Block Y","Block Z","Registers Per Thread","Static SMem","Dynamic SMem","Size","Throughput","Device","Context","Stream","Name"
255852544,s,s,,,,,,,,B,B,MB,GB/s,,,,
255852544,9.162652,0.169471,,,,,,,,,,976.000000,5.624107,"Quadro K5200 (1)","1","7","[CUDA memcpy HtoD]"
255852544,9.332221,0.169862,,,,,,,,,,976.000000,5.611172,"Quadro K5200 (1)","1","7","[CUDA memcpy HtoD]"
255852544,9.502089,0.024176,3997696,1,1,64,1,1,10,0,0,,,"Quadro K5200 (1)","1","7","vectorAdd(float const *, float const *, float*, int) [189]"
255852544,9.526271,0.198805,,,,,,,,,,976.000000,4.794259,"Quadro K5200 (1)","1","7","[CUDA memcpy DtoH]"
260046848,"Start","Duration","Grid X","Grid Y","Grid Z","Block X","Block Y","Block Z","Registers Per Thread","Static SMem","Dynamic SMem","Size","Throughput","Device","Context","Stream","Name"
260046848,s,s,,,,,,,,B,B,MB,GB/s,,,,
260046848,9.296083,0.172798,,,,,,,,,,992.000000,5.606252,"Quadro K5200 (1)","1","7","[CUDA memcpy HtoD]"
260046848,9.468980,0.172360,,,,,,,,,,992.000000,5.620503,"Quadro K5200 (1)","1","7","[CUDA memcpy HtoD]"
260046848,9.641345,0.022280,4063232,1,1,64,1,1,10,0,0,,,"Quadro K5200 (1)","1","7","vectorAdd(float const *, float const *, float*, int) [189]"
260046848,9.663631,0.201282,,,,,,,,,,992.000000,4.812909,"Quadro K5200 (1)","1","7","[CUDA memcpy DtoH]"
264241152,"Start","Duration","Grid X","Grid Y","Grid Z","Block X","Block Y","Block Z","Registers Per Thread","Static SMem","Dynamic SMem","Size","Throughput","Device","Context","Stream","Name"
264241152,s,s,,,,,,,,B,B,GB,GB/s,,,,
264241152,9.407638,0.175119,,,,,,,,,,0.984375,5.621166,"Quadro K5200 (1)","1","7","[CUDA memcpy HtoD]"
264241152,9.582852,0.176007,,,,,,,,,,0.984375,5.592814,"Quadro K5200 (1)","1","7","[CUDA memcpy HtoD]"
264241152,9.758865,0.022552,4128768,1,1,64,1,1,10,0,0,,,"Quadro K5200 (1)","1","7","vectorAdd(float const *, float const *, float*, int) [189]"
264241152,9.781423,0.204512,,,,,,,,,,0.984375,4.813284,"Quadro K5200 (1)","1","7","[CUDA memcpy DtoH]"
268435456,"Start","Duration","Grid X","Grid Y","Grid Z","Block X","Block Y","Block Z","Registers Per Thread","Static SMem","Dynamic SMem","Size","Throughput","Device","Context","Stream","Name"
268435456,s,s,,,,,,,,B,B,GB,GB/s,,,,
268435456,9.547510,0.177967,,,,,,,,,,1.000000,5.619017,"Quadro K5200 (1)","1","7","[CUDA memcpy HtoD]"
268435456,9.725571,0.178250,,,,,,,,,,1.000000,5.610092,"Quadro K5200 (1)","1","7","[CUDA memcpy HtoD]"
268435456,9.903827,0.025169,4194304,1,1,64,1,1,10,0,0,,,"Quadro K5200 (1)","1","7","vectorAdd(float const *, float const *, float*, int) [189]"
268435456,9.929000,0.207761,,,,,,,,,,1.000000,4.813213,"Quadro K5200 (1)","1","7","[CUDA memcpy DtoH]"
